# Signed Alpine v3.24 x86_64 BlueZ runtime closure, pinned by package SHA256.
# filename	sha256	url	license	origin
bluez-5.86-r2.apk	86234f76696b0394417ce4abb42a57528ac36874c7388d6735d47d2d98b30d80	https://dl-cdn.alpinelinux.org/alpine/v3.24/main/x86_64/bluez-5.86-r2.apk	GPL-2.0-or-later AND BSD-2-Clause AND MIT	bluez
bluez-btmgmt-5.86-r2.apk	78db5335564fe615fe1585f21dfa18cf249ca26faf7e539c2831b413ced18699	https://dl-cdn.alpinelinux.org/alpine/v3.24/main/x86_64/bluez-btmgmt-5.86-r2.apk	GPL-2.0-or-later AND BSD-2-Clause AND MIT	bluez
bluez-btmon-5.86-r2.apk	0457f2f25ee70c6908a8db7b6ad226f2142b3f69cbf3e45f8e595733f5c879e1	https://dl-cdn.alpinelinux.org/alpine/v3.24/main/x86_64/bluez-btmon-5.86-r2.apk	GPL-2.0-or-later AND BSD-2-Clause AND MIT	bluez
bluez-deprecated-5.86-r2.apk	f9952fd1e8efd7109986bb2ae8c8a63f4e117c8ba7b3d640ab31ddbd78015b7b	https://dl-cdn.alpinelinux.org/alpine/v3.24/main/x86_64/bluez-deprecated-5.86-r2.apk	GPL-2.0-or-later AND BSD-2-Clause AND MIT	bluez
dbus-1.16.2-r2.apk	37edd2a31bf599bda68cf223e8f2353b1713dbf5f770fc39399d654a69688a51	https://dl-cdn.alpinelinux.org/alpine/v3.24/main/x86_64/dbus-1.16.2-r2.apk	AFL-2.1 OR GPL-2.0-or-later	dbus
dbus-daemon-launch-helper-1.16.2-r2.apk	d09d4f3387115420b7258dbd437ab72677a57f4eac7aa8b393a3dc7ea6001699	https://dl-cdn.alpinelinux.org/alpine/v3.24/main/x86_64/dbus-daemon-launch-helper-1.16.2-r2.apk	AFL-2.1 OR GPL-2.0-or-later	dbus
dbus-libs-1.16.2-r2.apk	105f6ba17454c587ca9345f9deb348012d1950588a22da42120c954d396c99b6	https://dl-cdn.alpinelinux.org/alpine/v3.24/main/x86_64/dbus-libs-1.16.2-r2.apk	AFL-2.1 OR GPL-2.0-or-later	dbus
eudev-libs-3.2.14-r6.apk	45fdbcf37c5c0e82067e98a818d3c1fd16d0261c62128dcb6b935b86b4ec6c86	https://dl-cdn.alpinelinux.org/alpine/v3.24/main/x86_64/eudev-libs-3.2.14-r6.apk	GPL-2.0-or-later	eudev
glib-2.88.1-r1.apk	2f32203b97789bc9a92e57e2d9b89eb2e6951b69534ba082a683c6e49031cb5d	https://dl-cdn.alpinelinux.org/alpine/v3.24/main/x86_64/glib-2.88.1-r1.apk	LGPL-2.1-or-later	glib
json-c-0.18-r1.apk	22dc7a8fe3eda0d22635615cca682b2a575ef25e8c2f401445e12be4cbf77302	https://dl-cdn.alpinelinux.org/alpine/v3.24/main/x86_64/json-c-0.18-r1.apk	MIT	json-c
libblkid-2.42.3-r1.apk	2512c2bff496ac2b8561a3c814d21d35ce10cda579b3d410f9f96da93a5aaac1	https://dl-cdn.alpinelinux.org/alpine/v3.24/main/x86_64/libblkid-2.42.3-r1.apk	LGPL-2.1-or-later	util-linux
libeconf-0.8.3-r0.apk	2a791c7957961f830cf31b04f35f814a63afcf633badc9052425ff1cf2f64380	https://dl-cdn.alpinelinux.org/alpine/v3.24/main/x86_64/libeconf-0.8.3-r0.apk	MIT	libeconf
libexpat-2.8.5-r0.apk	2e56946bc495cbed9eb1ad70859a79cba9db6420016453e065a0628848b32c7e	https://dl-cdn.alpinelinux.org/alpine/v3.24/main/x86_64/libexpat-2.8.5-r0.apk	MIT	expat
libffi-3.5.2-r1.apk	6da1a19313a40c56cac756fb11e2c4d5267831e1c22fc8323f24c943c94da6e0	https://dl-cdn.alpinelinux.org/alpine/v3.24/main/x86_64/libffi-3.5.2-r1.apk	MIT	libffi
libintl-1.0-r0.apk	cb03919cba5624b5e8759d04f3b31913b02585355988b914bc31de4746ff5ef6	https://dl-cdn.alpinelinux.org/alpine/v3.24/main/x86_64/libintl-1.0-r0.apk	LGPL-2.1-or-later	gettext
libmount-2.42.3-r1.apk	e2ae003260f2c1ec13666c6e108d5e8e3d64974b0667166a02432bd3be263a7a	https://dl-cdn.alpinelinux.org/alpine/v3.24/main/x86_64/libmount-2.42.3-r1.apk	LGPL-2.1-or-later	util-linux
libncursesw-6.6_p20260516-r0.apk	cf8caa8a88bc4ce9d9e395567fefaf9ef7fbd55c50ae6155b35c1b58f3755023	https://dl-cdn.alpinelinux.org/alpine/v3.24/main/x86_64/libncursesw-6.6_p20260516-r0.apk	X11	ncurses
musl-1.2.6-r2.apk	573712e2f49c15bfc20a2699f204acdfc74c772722b15e7353d768057fae0e71	https://dl-cdn.alpinelinux.org/alpine/v3.24/main/x86_64/musl-1.2.6-r2.apk	MIT	musl
ncurses-terminfo-base-6.6_p20260516-r0.apk	ce83be6d0bd10584a53c3a5868cc1595ce5f0f8e0b621f8f7f70b6144e521fc9	https://dl-cdn.alpinelinux.org/alpine/v3.24/main/x86_64/ncurses-terminfo-base-6.6_p20260516-r0.apk	X11	ncurses
pcre2-10.49-r0.apk	2919897914820f42a17a8d7d37df310d2dfad1c82ebe5f539cc5c765f916752a	https://dl-cdn.alpinelinux.org/alpine/v3.24/main/x86_64/pcre2-10.49-r0.apk	BSD-3-Clause	pcre2
readline-8.3.3-r1.apk	766911ecb986a6c5cf0841a6b556cd1e9dbbf22b3559726de32416486cd15c81	https://dl-cdn.alpinelinux.org/alpine/v3.24/main/x86_64/readline-8.3.3-r1.apk	GPL-3.0-or-later	readline
zlib-1.3.2-r1.apk	63aeea03c15a2f9018f81805cfc8aa926bdf5cd68921f22149c2fbb5d0ee9f47	https://dl-cdn.alpinelinux.org/alpine/v3.24/main/x86_64/zlib-1.3.2-r1.apk	Zlib	zlib
